{"stats":{"minecraft:mined":{"minecraft:sweet_berry_bush":4,"minecraft:fern":1},"minecraft:custom":{"minecraft:jump":318,"minecraft:time_since_rest":623,"minecraft:damage_dealt":428,"minecraft:crouch_one_cm":7463,"minecraft:play_one_minute":9077,"minecraft:walk_on_water_one_cm":3482,"minecraft:deaths":6,"minecraft:sprint_one_cm":9048,"minecraft:damage_taken":1988,"minecraft:time_since_death":593,"minecraft:walk_one_cm":19961,"minecraft:sneak_time":2049,"minecraft:fall_one_cm":24206,"minecraft:fly_one_cm":26230,"minecraft:player_kills":1},"minecraft:killed_by":{"minecraft:player":3}},"DataVersion":2586}