{"stats":{"minecraft:used":{"minecraft:stone_pickaxe":82,"minecraft:shield":2,"minecraft:wooden_pickaxe":4,"minecraft:iron_sword":25,"minecraft:cooked_chicken":3,"minecraft:torch":14,"minecraft:dirt":3,"minecraft:crafting_table":3,"minecraft:fern":1,"minecraft:bread":3,"minecraft:spruce_sapling":1,"minecraft:stone_axe":17,"minecraft:cobblestone":14,"minecraft:furnace":2,"minecraft:andesite":3,"minecraft:potato":1,"minecraft:large_fern":1},"minecraft:picked_up":{"minecraft:crafting_table":3,"minecraft:feather":3,"minecraft:repeater":1,"minecraft:chicken":4,"minecraft:salmon":5,"minecraft:andesite":3,"minecraft:leather":1,"minecraft:oak_log":11,"minecraft:dirt":8,"minecraft:wheat_seeds":6,"minecraft:spruce_planks":19,"minecraft:iron_ore":20,"minecraft:sugar_cane":2,"minecraft:furnace":2,"minecraft:torch":1,"minecraft:spruce_sapling":1,"minecraft:spruce_log":9,"minecraft:redstone":1,"minecraft:arrow":2,"minecraft:end_rod":1,"minecraft:baked_potato":4,"minecraft:coal":53,"minecraft:white_wool":3,"minecraft:cobblestone":46},"minecraft:dropped":{"minecraft:wheat_seeds":5,"minecraft:repeater":1,"minecraft:white_wool":3,"minecraft:redstone":1},"minecraft:crafted":{"minecraft:oak_planks":12,"minecraft:crafting_table":1,"minecraft:spruce_planks":28,"minecraft:wooden_pickaxe":1,"minecraft:cooked_chicken":3,"minecraft:iron_sword":1,"minecraft:furnace":1,"minecraft:stone_axe":1,"minecraft:air":0,"minecraft:iron_chestplate":1,"minecraft:shield":1,"minecraft:stick":16,"minecraft:iron_ingot":20,"minecraft:stone_pickaxe":2,"minecraft:iron_leggings":1,"minecraft:torch":16},"minecraft:killed":{"minecraft:salmon":6,"minecraft:bat":2,"minecraft:skeleton":1,"minecraft:chicken":3},"minecraft:mined":{"minecraft:crafting_table":3,"minecraft:torch":1,"minecraft:grass_block":5,"minecraft:cobblestone":3,"minecraft:spruce_leaves":4,"minecraft:sugar_cane":1,"minecraft:large_fern":5,"minecraft:seagrass":4,"minecraft:tall_seagrass":1,"minecraft:furnace":2,"minecraft:iron_ore":20,"minecraft:sweet_berry_bush":4,"minecraft:spruce_log":10,"minecraft:andesite":3,"minecraft:grass":7,"minecraft:coal_ore":23,"minecraft:oak_log":11,"minecraft:end_rod":1,"minecraft:dirt":3,"minecraft:stone":32,"minecraft:oak_leaves":1,"minecraft:fern":2},"minecraft:custom":{"minecraft:interact_with_furnace":19,"minecraft:mob_kills":12,"minecraft:interact_with_crafting_table":13,"minecraft:play_one_minute":45077,"minecraft:interact_with_campfire":4,"minecraft:bell_ring":1,"minecraft:time_since_death":3831,"minecraft:climb_one_cm":89,"minecraft:time_since_rest":3864,"minecraft:sprint_one_cm":87406,"minecraft:damage_taken":3665,"minecraft:walk_one_cm":75710,"minecraft:damage_blocked_by_shield":385,"minecraft:drop":9,"minecraft:damage_dealt":1345,"minecraft:swim_one_cm":17254,"minecraft:fly_one_cm":105712,"minecraft:player_kills":2,"minecraft:open_chest":3,"minecraft:crouch_one_cm":15576,"minecraft:deaths":10,"minecraft:sneak_time":5414,"minecraft:walk_under_water_one_cm":3253,"minecraft:jump":1260,"minecraft:walk_on_water_one_cm":10102,"minecraft:fall_one_cm":47395},"minecraft:killed_by":{"minecraft:player":5,"minecraft:skeleton":1}},"DataVersion":2586}