{"stats":{"minecraft:used":{"minecraft:stone_pickaxe":69,"minecraft:iron_sword":1,"minecraft:wooden_pickaxe":4,"minecraft:stone_axe":15,"minecraft:dirt":3,"minecraft:crafting_table":2,"minecraft:furnace":1,"minecraft:andesite":3},"minecraft:picked_up":{"minecraft:crafting_table":1,"minecraft:chicken":2,"minecraft:repeater":1,"minecraft:andesite":3,"minecraft:oak_log":11,"minecraft:spruce_log":7,"minecraft:redstone":1,"minecraft:dirt":3,"minecraft:wheat_seeds":5,"minecraft:spruce_planks":19,"minecraft:iron_ore":19,"minecraft:end_rod":1,"minecraft:coal":20,"minecraft:white_wool":3,"minecraft:cobblestone":36},"minecraft:dropped":{"minecraft:wheat_seeds":5,"minecraft:repeater":1,"minecraft:white_wool":3,"minecraft:redstone":1},"minecraft:crafted":{"minecraft:oak_planks":12,"minecraft:iron_chestplate":1,"minecraft:crafting_table":1,"minecraft:spruce_planks":28,"minecraft:stick":12,"minecraft:iron_ingot":12,"minecraft:wooden_pickaxe":1,"minecraft:stone_pickaxe":2,"minecraft:iron_sword":1,"minecraft:furnace":1,"minecraft:stone_axe":1,"minecraft:air":0},"minecraft:killed":{"minecraft:chicken":2},"minecraft:mined":{"minecraft:large_fern":5,"minecraft:iron_ore":19,"minecraft:sweet_berry_bush":4,"minecraft:spruce_log":7,"minecraft:andesite":3,"minecraft:crafting_table":1,"minecraft:grass":2,"minecraft:grass_block":2,"minecraft:oak_log":11,"minecraft:coal_ore":20,"minecraft:end_rod":1,"minecraft:dirt":1,"minecraft:stone":30,"minecraft:oak_leaves":1,"minecraft:fern":2},"minecraft:custom":{"minecraft:time_since_rest":20004,"minecraft:interact_with_furnace":10,"minecraft:sprint_one_cm":41652,"minecraft:damage_taken":3155,"minecraft:walk_one_cm":57870,"minecraft:mob_kills":2,"minecraft:drop":9,"minecraft:damage_dealt":781,"minecraft:swim_one_cm":1907,"minecraft:interact_with_crafting_table":9,"minecraft:fly_one_cm":65124,"minecraft:player_kills":2,"minecraft:crouch_one_cm":15063,"minecraft:play_one_minute":33077,"minecraft:deaths":9,"minecraft:sneak_time":4990,"minecraft:walk_under_water_one_cm":726,"minecraft:jump":919,"minecraft:walk_on_water_one_cm":4097,"minecraft:time_since_death":19974,"minecraft:fall_one_cm":38266},"minecraft:killed_by":{"minecraft:player":5}},"DataVersion":2586}