{"stats":{"minecraft:used":{"minecraft:dirt":1},"minecraft:picked_up":{"minecraft:repeater":1,"minecraft:wheat_seeds":2,"minecraft:end_rod":1,"minecraft:redstone":1,"minecraft:white_wool":3,"minecraft:dirt":1},"minecraft:dropped":{"minecraft:wheat_seeds":2,"minecraft:repeater":1,"minecraft:white_wool":3,"minecraft:redstone":1},"minecraft:mined":{"minecraft:end_rod":1,"minecraft:dirt":1,"minecraft:sweet_berry_bush":4,"minecraft:fern":2},"minecraft:custom":{"minecraft:time_since_rest":8004,"minecraft:play_one_minute":21077,"minecraft:crouch_one_cm":12055,"minecraft:sprint_one_cm":14756,"minecraft:walk_one_cm":44811,"minecraft:damage_taken":3048,"minecraft:deaths":9,"minecraft:sneak_time":3311,"minecraft:walk_under_water_one_cm":673,"minecraft:drop":7,"minecraft:jump":658,"minecraft:damage_dealt":661,"minecraft:time_since_death":7974,"minecraft:walk_on_water_one_cm":3954,"minecraft:player_kills":2,"minecraft:swim_one_cm":1315,"minecraft:fly_one_cm":40340,"minecraft:fall_one_cm":32109},"minecraft:killed_by":{"minecraft:player":5}},"DataVersion":2586}