{"stats":{"minecraft:used":{"minecraft:wooden_axe":27,"minecraft:stone_pickaxe":50,"minecraft:iron_pickaxe":1,"minecraft:wooden_pickaxe":12,"minecraft:stone_axe":25,"minecraft:dirt":3,"minecraft:mutton":7,"minecraft:beef":2,"minecraft:sweet_berries":9,"minecraft:crafting_table":6,"minecraft:furnace":1,"minecraft:porkchop":4},"minecraft:picked_up":{"minecraft:crafting_table":6,"minecraft:azure_bluet":2,"minecraft:sweet_berries":76,"minecraft:leather":13,"minecraft:porkchop":14,"minecraft:oak_log":10,"minecraft:spruce_log":6,"minecraft:redstone":1,"minecraft:dirt":19,"minecraft:wheat_seeds":1,"minecraft:lever":1,"minecraft:iron_ingot":1,"minecraft:beef":31,"minecraft:iron_ore":9,"minecraft:end_rod":1,"minecraft:poppy":3,"minecraft:light_gray_wool":1,"minecraft:coal":20,"minecraft:mutton":29,"minecraft:oak_planks":14,"minecraft:white_wool":15,"minecraft:cobblestone":42,"minecraft:furnace":1},"minecraft:dropped":{"minecraft:oak_log":3},"minecraft:crafted":{"minecraft:oak_planks":28,"minecraft:crafting_table":2,"minecraft:spruce_planks":12,"minecraft:iron_pickaxe":1,"minecraft:stick":28,"minecraft:iron_ingot":4,"minecraft:wooden_pickaxe":2,"minecraft:stone_pickaxe":2,"minecraft:wooden_axe":1,"minecraft:furnace":1,"minecraft:stone_axe":2,"minecraft:air":0},"minecraft:killed":{"minecraft:sheep":14,"minecraft:pig":6,"minecraft:cow":13},"minecraft:mined":{"minecraft:seagrass":1,"minecraft:furnace":1,"minecraft:iron_ore":9,"minecraft:sweet_berry_bush":28,"minecraft:spruce_log":3,"minecraft:crafting_table":6,"minecraft:azure_bluet":2,"minecraft:grass":10,"minecraft:grass_block":1,"minecraft:coal_ore":12,"minecraft:oak_log":7,"minecraft:poppy":3,"minecraft:dirt":1,"minecraft:tall_grass":3,"minecraft:spruce_leaves":1,"minecraft:stone":41,"minecraft:oak_leaves":3,"minecraft:fern":3},"minecraft:custom":{"minecraft:time_since_rest":3163,"minecraft:interact_with_furnace":3,"minecraft:sprint_one_cm":138061,"minecraft:damage_taken":4089,"minecraft:walk_one_cm":94830,"minecraft:mob_kills":34,"minecraft:drop":1,"minecraft:damage_dealt":4094,"minecraft:interact_with_crafting_table":8,"minecraft:swim_one_cm":17622,"minecraft:fly_one_cm":271922,"minecraft:player_kills":4,"minecraft:crouch_one_cm":9193,"minecraft:play_one_minute":47719,"minecraft:deaths":12,"minecraft:sneak_time":3782,"minecraft:walk_under_water_one_cm":4155,"minecraft:jump":1755,"minecraft:walk_on_water_one_cm":15656,"minecraft:time_since_death":3138,"minecraft:climb_one_cm":122,"minecraft:fall_one_cm":69993},"minecraft:killed_by":{"minecraft:player":5,"minecraft:skeleton":1,"minecraft:creeper":1}},"DataVersion":2586}