{"stats":{"minecraft:used":{"minecraft:mutton":2,"minecraft:sweet_berries":8},"minecraft:picked_up":{"minecraft:sweet_berries":28,"minecraft:poppy":1,"minecraft:mutton":4,"minecraft:white_wool":2},"minecraft:mined":{"minecraft:poppy":1,"minecraft:sweet_berry_bush":9},"minecraft:killed":{"minecraft:sheep":1},"minecraft:custom":{"minecraft:time_since_rest":2467,"minecraft:play_one_minute":11719,"minecraft:crouch_one_cm":5514,"minecraft:sprint_one_cm":22691,"minecraft:walk_one_cm":28008,"minecraft:damage_taken":1978,"minecraft:deaths":6,"minecraft:sneak_time":2444,"minecraft:walk_under_water_one_cm":44,"minecraft:mob_kills":1,"minecraft:jump":426,"minecraft:damage_dealt":655,"minecraft:time_since_death":2435,"minecraft:walk_on_water_one_cm":7445,"minecraft:swim_one_cm":586,"minecraft:player_kills":3,"minecraft:fall_one_cm":23415,"minecraft:fly_one_cm":32623},"minecraft:killed_by":{"minecraft:player":4}},"DataVersion":2586}