{"stats":{"minecraft:used":{"minecraft:mutton":3,"minecraft:sweet_berries":8},"minecraft:picked_up":{"minecraft:sweet_berries":59,"minecraft:lever":1,"minecraft:beef":4,"minecraft:end_rod":1,"minecraft:poppy":3,"minecraft:light_gray_wool":1,"minecraft:redstone":1,"minecraft:mutton":6,"minecraft:white_wool":2},"minecraft:mined":{"minecraft:poppy":3,"minecraft:sweet_berry_bush":22,"minecraft:spruce_leaves":1,"minecraft:fern":1},"minecraft:killed":{"minecraft:sheep":1,"minecraft:cow":1},"minecraft:custom":{"minecraft:time_since_rest":8004,"minecraft:play_one_minute":23719,"minecraft:crouch_one_cm":9192,"minecraft:sprint_one_cm":51346,"minecraft:walk_one_cm":64605,"minecraft:damage_taken":2904,"minecraft:deaths":9,"minecraft:sneak_time":3739,"minecraft:walk_under_water_one_cm":44,"minecraft:mob_kills":2,"minecraft:jump":765,"minecraft:damage_dealt":1011,"minecraft:time_since_death":7960,"minecraft:walk_on_water_one_cm":8530,"minecraft:swim_one_cm":586,"minecraft:player_kills":4,"minecraft:fall_one_cm":36201,"minecraft:fly_one_cm":74764},"minecraft:killed_by":{"minecraft:player":5}},"DataVersion":2586}