{"stats":{"minecraft:used":{"minecraft:wooden_axe":27,"minecraft:stone_pickaxe":38,"minecraft:wooden_pickaxe":3,"minecraft:dirt":1,"minecraft:mutton":7,"minecraft:sweet_berries":8,"minecraft:crafting_table":4,"minecraft:furnace":1,"minecraft:porkchop":3},"minecraft:picked_up":{"minecraft:crafting_table":3,"minecraft:azure_bluet":2,"minecraft:sweet_berries":59,"minecraft:leather":2,"minecraft:porkchop":3,"minecraft:oak_log":10,"minecraft:redstone":1,"minecraft:dirt":1,"minecraft:lever":1,"minecraft:beef":15,"minecraft:iron_ore":5,"minecraft:end_rod":1,"minecraft:poppy":3,"minecraft:light_gray_wool":1,"minecraft:coal":11,"minecraft:mutton":24,"minecraft:oak_planks":14,"minecraft:white_wool":12,"minecraft:cobblestone":24},"minecraft:dropped":{"minecraft:oak_log":3},"minecraft:crafted":{"minecraft:oak_planks":28,"minecraft:crafting_table":1,"minecraft:stick":8,"minecraft:iron_ingot":1,"minecraft:wooden_pickaxe":1,"minecraft:stone_pickaxe":1,"minecraft:wooden_axe":1,"minecraft:furnace":1,"minecraft:air":0},"minecraft:mined":{"minecraft:iron_ore":5,"minecraft:sweet_berry_bush":22,"minecraft:crafting_table":3,"minecraft:azure_bluet":2,"minecraft:grass":9,"minecraft:grass_block":1,"minecraft:coal_ore":12,"minecraft:oak_log":7,"minecraft:poppy":3,"minecraft:tall_grass":3,"minecraft:spruce_leaves":1,"minecraft:stone":24,"minecraft:oak_leaves":3,"minecraft:fern":1},"minecraft:killed":{"minecraft:sheep":11,"minecraft:pig":1,"minecraft:cow":6},"minecraft:custom":{"minecraft:time_since_rest":20004,"minecraft:interact_with_furnace":3,"minecraft:sprint_one_cm":89617,"minecraft:damage_taken":3154,"minecraft:walk_one_cm":79302,"minecraft:mob_kills":19,"minecraft:drop":1,"minecraft:damage_dealt":2501,"minecraft:interact_with_crafting_table":4,"minecraft:swim_one_cm":9303,"minecraft:fly_one_cm":155196,"minecraft:player_kills":4,"minecraft:crouch_one_cm":9192,"minecraft:play_one_minute":35719,"minecraft:deaths":9,"minecraft:sneak_time":3744,"minecraft:walk_under_water_one_cm":215,"minecraft:jump":1258,"minecraft:walk_on_water_one_cm":10415,"minecraft:time_since_death":19960,"minecraft:fall_one_cm":52568},"minecraft:killed_by":{"minecraft:player":5}},"DataVersion":2586}