{"stats":{"minecraft:picked_up":{"minecraft:oak_log":7,"minecraft:kelp":3,"minecraft:wheat_seeds":1,"minecraft:granite":1,"minecraft:iron_ore":9,"minecraft:poppy":2,"minecraft:mutton":14,"minecraft:white_wool":12,"minecraft:cobblestone":12},"minecraft:used":{"minecraft:stone_sword":32,"minecraft:stone_pickaxe":11,"minecraft:wooden_pickaxe":12,"minecraft:white_wool":1,"minecraft:mutton":12,"minecraft:crafting_table":3},"minecraft:dropped":{"minecraft:poppy":2,"minecraft:wheat_seeds":1},"minecraft:crafted":{"minecraft:oak_planks":28,"minecraft:crafting_table":3,"minecraft:stick":8,"minecraft:wooden_pickaxe":1,"minecraft:stone_pickaxe":1,"minecraft:stone_sword":1,"minecraft:stone_axe":1},"minecraft:mined":{"minecraft:kelp_plant":1,"minecraft:iron_ore":9,"minecraft:granite":1,"minecraft:grass":6,"minecraft:oak_log":7,"minecraft:gravel":1,"minecraft:tall_grass":1,"minecraft:stone":12},"minecraft:killed":{"minecraft:sheep":12},"minecraft:custom":{"minecraft:time_since_rest":6347,"minecraft:sprint_one_cm":50718,"minecraft:damage_taken":2619,"minecraft:walk_one_cm":125787,"minecraft:mob_kills":12,"minecraft:drop":3,"minecraft:damage_dealt":1972,"minecraft:interact_with_crafting_table":5,"minecraft:swim_one_cm":186550,"minecraft:fly_one_cm":108977,"minecraft:player_kills":5,"minecraft:open_chest":4,"minecraft:play_one_minute":45580,"minecraft:crouch_one_cm":9640,"minecraft:deaths":8,"minecraft:sneak_time":3343,"minecraft:walk_under_water_one_cm":25807,"minecraft:boat_one_cm":778,"minecraft:jump":676,"minecraft:leave_game":1,"minecraft:time_since_death":6321,"minecraft:walk_on_water_one_cm":14444,"minecraft:fall_one_cm":36571},"minecraft:killed_by":{"minecraft:player":2,"minecraft:skeleton":1}},"DataVersion":2586}