{"stats":{"minecraft:used":{"minecraft:white_wool":1},"minecraft:picked_up":{"minecraft:poppy":2,"minecraft:white_wool":1},"minecraft:dropped":{"minecraft:poppy":2},"minecraft:custom":{"minecraft:jump":224,"minecraft:damage_dealt":985,"minecraft:time_since_rest":8004,"minecraft:damage_taken":2054,"minecraft:play_one_minute":21580,"minecraft:crouch_one_cm":9640,"minecraft:leave_game":1,"minecraft:time_since_death":7974,"minecraft:sprint_one_cm":10412,"minecraft:walk_one_cm":85532,"minecraft:walk_on_water_one_cm":498,"minecraft:deaths":7,"minecraft:sneak_time":2848,"minecraft:walk_under_water_one_cm":1618,"minecraft:fall_one_cm":19936,"minecraft:boat_one_cm":778,"minecraft:drop":2,"minecraft:fly_one_cm":12532,"minecraft:player_kills":5},"minecraft:killed_by":{"minecraft:player":2}},"DataVersion":2586}