{"stats":{"minecraft:custom":{"minecraft:jump":119,"minecraft:time_since_rest":5186,"minecraft:crouch_one_cm":7497,"minecraft:damage_dealt":467,"minecraft:play_one_minute":9723,"minecraft:walk_on_water_one_cm":477,"minecraft:deaths":3,"minecraft:sprint_one_cm":5762,"minecraft:damage_taken":1165,"minecraft:time_since_death":5163,"minecraft:walk_one_cm":41818,"minecraft:sneak_time":2139,"minecraft:fall_one_cm":13880,"minecraft:fly_one_cm":7574,"minecraft:player_kills":3},"minecraft:killed_by":{"minecraft:player":1}},"DataVersion":2586}