{"stats":{"minecraft:picked_up":{"minecraft:oak_log":7,"minecraft:wheat_seeds":1,"minecraft:granite":1,"minecraft:iron_ore":9,"minecraft:poppy":2,"minecraft:mutton":14,"minecraft:white_wool":12,"minecraft:cobblestone":12},"minecraft:used":{"minecraft:stone_sword":32,"minecraft:stone_pickaxe":11,"minecraft:wooden_pickaxe":12,"minecraft:white_wool":1,"minecraft:crafting_table":3},"minecraft:dropped":{"minecraft:poppy":2,"minecraft:wheat_seeds":1},"minecraft:crafted":{"minecraft:oak_planks":28,"minecraft:crafting_table":3,"minecraft:stick":8,"minecraft:wooden_pickaxe":1,"minecraft:stone_pickaxe":1,"minecraft:stone_sword":1,"minecraft:stone_axe":1},"minecraft:mined":{"minecraft:iron_ore":9,"minecraft:granite":1,"minecraft:grass":6,"minecraft:oak_log":7,"minecraft:gravel":1,"minecraft:tall_grass":1,"minecraft:stone":12},"minecraft:killed":{"minecraft:sheep":12},"minecraft:custom":{"minecraft:time_since_rest":20004,"minecraft:sprint_one_cm":27607,"minecraft:damage_taken":2219,"minecraft:walk_one_cm":95859,"minecraft:mob_kills":12,"minecraft:drop":3,"minecraft:damage_dealt":1944,"minecraft:interact_with_crafting_table":5,"minecraft:swim_one_cm":58967,"minecraft:fly_one_cm":52220,"minecraft:player_kills":5,"minecraft:open_chest":1,"minecraft:play_one_minute":33580,"minecraft:crouch_one_cm":9640,"minecraft:deaths":7,"minecraft:sneak_time":3092,"minecraft:walk_under_water_one_cm":6156,"minecraft:boat_one_cm":778,"minecraft:jump":384,"minecraft:leave_game":1,"minecraft:time_since_death":19974,"minecraft:walk_on_water_one_cm":4175,"minecraft:fall_one_cm":25590},"minecraft:killed_by":{"minecraft:player":2}},"DataVersion":2586}