{"stats":{"minecraft:picked_up":{"minecraft:gravel":1},"minecraft:used":{"minecraft:gravel":1},"minecraft:mined":{"minecraft:gravel":1},"minecraft:custom":{"minecraft:jump":168,"minecraft:time_since_rest":4797,"minecraft:crouch_one_cm":10960,"minecraft:damage_dealt":247,"minecraft:play_one_minute":11658,"minecraft:deaths":5,"minecraft:walk_on_water_one_cm":831,"minecraft:sprint_one_cm":4190,"minecraft:damage_taken":1787,"minecraft:time_since_death":4771,"minecraft:walk_one_cm":27833,"minecraft:sneak_time":2847,"minecraft:walk_under_water_one_cm":867,"minecraft:fall_one_cm":16864,"minecraft:fly_one_cm":8887,"minecraft:player_kills":3},"minecraft:killed_by":{"minecraft:player":3}},"DataVersion":2586}