{"stats":{"minecraft:picked_up":{"minecraft:gravel":1,"minecraft:end_rod":2,"minecraft:poppy":3,"minecraft:redstone":1},"minecraft:used":{"minecraft:end_rod":1,"minecraft:gravel":1},"minecraft:dropped":{"minecraft:poppy":3,"minecraft:redstone":1,"minecraft:end_rod":1},"minecraft:mined":{"minecraft:repeater":1,"minecraft:end_rod":2,"minecraft:gravel":1,"minecraft:redstone_wire":3},"minecraft:custom":{"minecraft:time_since_rest":4775,"minecraft:play_one_minute":20429,"minecraft:crouch_one_cm":13743,"minecraft:sprint_one_cm":12546,"minecraft:walk_one_cm":58810,"minecraft:damage_taken":2160,"minecraft:deaths":8,"minecraft:sneak_time":3850,"minecraft:walk_under_water_one_cm":867,"minecraft:drop":5,"minecraft:jump":420,"minecraft:damage_dealt":518,"minecraft:leave_game":1,"minecraft:time_since_death":4737,"minecraft:walk_on_water_one_cm":831,"minecraft:fly_one_cm":29765,"minecraft:fall_one_cm":22045,"minecraft:player_kills":4},"minecraft:killed_by":{"minecraft:player":5}},"DataVersion":2586}