{"stats":{"minecraft:used":{"minecraft:end_rod":3,"minecraft:bread":1,"minecraft:redstone":1,"minecraft:stone_pickaxe":18,"minecraft:spruce_planks":2,"minecraft:wooden_pickaxe":11,"minecraft:stone_axe":12,"minecraft:dirt":1,"minecraft:mutton":1,"minecraft:beef":5,"minecraft:crafting_table":1},"minecraft:picked_up":{"minecraft:stick":2,"minecraft:crafting_table":1,"minecraft:repeater":1,"minecraft:porkchop":1,"minecraft:spruce_log":12,"minecraft:redstone":2,"minecraft:string":2,"minecraft:spider_eye":1,"minecraft:dirt":35,"minecraft:spruce_planks":2,"minecraft:granite":4,"minecraft:beef":5,"minecraft:end_rod":3,"minecraft:sugar_cane":9,"minecraft:mutton":9,"minecraft:coal":19,"minecraft:white_wool":5,"minecraft:cobblestone":8},"minecraft:dropped":{"minecraft:mutton":2},"minecraft:crafted":{"minecraft:crafting_table":1,"minecraft:spruce_planks":24,"minecraft:stick":12,"minecraft:wooden_pickaxe":1,"minecraft:stone_pickaxe":1,"minecraft:stone_axe":1},"minecraft:mined":{"minecraft:spruce_planks":2,"minecraft:spruce_log":6,"minecraft:crafting_table":1,"minecraft:grass":6,"minecraft:grass_block":1,"minecraft:coal_ore":20,"minecraft:end_rod":2,"minecraft:tall_grass":1,"minecraft:spruce_leaves":3,"minecraft:stone":7,"minecraft:sugar_cane":4,"minecraft:spawner":1},"minecraft:killed":{"minecraft:sheep":3,"minecraft:zombie":1,"minecraft:pig":1,"minecraft:spider":2,"minecraft:cow":2},"minecraft:custom":{"minecraft:time_since_rest":621,"minecraft:sprint_one_cm":125031,"minecraft:damage_taken":2630,"minecraft:walk_one_cm":85184,"minecraft:mob_kills":9,"minecraft:drop":2,"minecraft:damage_dealt":1658,"minecraft:swim_one_cm":6035,"minecraft:interact_with_crafting_table":2,"minecraft:player_kills":1,"minecraft:fly_one_cm":205071,"minecraft:open_chest":4,"minecraft:crouch_one_cm":5436,"minecraft:play_one_minute":34623,"minecraft:deaths":8,"minecraft:sneak_time":1676,"minecraft:walk_under_water_one_cm":2822,"minecraft:jump":1091,"minecraft:time_since_death":597,"minecraft:walk_on_water_one_cm":4803,"minecraft:climb_one_cm":143,"minecraft:fall_one_cm":43072},"minecraft:killed_by":{"minecraft:player":1,"minecraft:creeper":1,"minecraft:spider":1,"minecraft:zombie":2}},"DataVersion":2586}