{"stats":{"minecraft:used":{"minecraft:end_rod":3,"minecraft:redstone":1},"minecraft:picked_up":{"minecraft:repeater":1,"minecraft:end_rod":3,"minecraft:redstone":2,"minecraft:mutton":2},"minecraft:dropped":{"minecraft:mutton":2},"minecraft:mined":{"minecraft:end_rod":2},"minecraft:killed":{"minecraft:sheep":1},"minecraft:custom":{"minecraft:time_since_rest":6640,"minecraft:play_one_minute":10623,"minecraft:crouch_one_cm":3138,"minecraft:sprint_one_cm":9105,"minecraft:walk_one_cm":40301,"minecraft:damage_taken":1515,"minecraft:deaths":4,"minecraft:sneak_time":960,"minecraft:mob_kills":1,"minecraft:drop":2,"minecraft:jump":184,"minecraft:damage_dealt":602,"minecraft:time_since_death":6615,"minecraft:fall_one_cm":13560,"minecraft:fly_one_cm":6984,"minecraft:player_kills":1},"minecraft:killed_by":{"minecraft:player":1}},"DataVersion":2586}