{"stats":{"minecraft:used":{"minecraft:end_rod":3,"minecraft:bread":1,"minecraft:redstone":1,"minecraft:stone_pickaxe":18,"minecraft:spruce_planks":2,"minecraft:wooden_pickaxe":11,"minecraft:stone_axe":12,"minecraft:mutton":1,"minecraft:crafting_table":1},"minecraft:picked_up":{"minecraft:crafting_table":1,"minecraft:repeater":1,"minecraft:porkchop":1,"minecraft:spruce_log":6,"minecraft:redstone":2,"minecraft:string":2,"minecraft:spider_eye":1,"minecraft:dirt":1,"minecraft:spruce_planks":2,"minecraft:end_rod":3,"minecraft:sugar_cane":9,"minecraft:mutton":9,"minecraft:coal":19,"minecraft:white_wool":5,"minecraft:cobblestone":7},"minecraft:dropped":{"minecraft:mutton":2},"minecraft:crafted":{"minecraft:crafting_table":1,"minecraft:spruce_planks":24,"minecraft:stick":12,"minecraft:wooden_pickaxe":1,"minecraft:stone_pickaxe":1,"minecraft:stone_axe":1},"minecraft:mined":{"minecraft:spruce_planks":2,"minecraft:spruce_log":6,"minecraft:crafting_table":1,"minecraft:grass_block":1,"minecraft:coal_ore":20,"minecraft:end_rod":2,"minecraft:spruce_leaves":3,"minecraft:stone":7,"minecraft:sugar_cane":4,"minecraft:spawner":1},"minecraft:killed":{"minecraft:sheep":3,"minecraft:zombie":1,"minecraft:pig":1,"minecraft:spider":2},"minecraft:custom":{"minecraft:time_since_rest":299,"minecraft:sprint_one_cm":54033,"minecraft:damage_taken":1885,"minecraft:walk_one_cm":59359,"minecraft:mob_kills":7,"minecraft:drop":2,"minecraft:damage_dealt":1382,"minecraft:interact_with_crafting_table":2,"minecraft:player_kills":1,"minecraft:fly_one_cm":56874,"minecraft:open_chest":4,"minecraft:crouch_one_cm":5196,"minecraft:play_one_minute":22623,"minecraft:deaths":5,"minecraft:sneak_time":1576,"minecraft:walk_under_water_one_cm":109,"minecraft:jump":479,"minecraft:time_since_death":276,"minecraft:walk_on_water_one_cm":1316,"minecraft:fall_one_cm":23091},"minecraft:killed_by":{"minecraft:player":1,"minecraft:creeper":1}},"DataVersion":2586}