{"stats":{"minecraft:used":{"minecraft:sticky_piston":3,"minecraft:lever":1,"minecraft:netherite_sword":9,"minecraft:end_rod":1,"minecraft:repeater":5,"minecraft:redstone":8,"minecraft:barrier":145,"minecraft:oak_boat":2,"minecraft:stone_pressure_plate":1,"minecraft:purple_glazed_terracotta":32,"minecraft:stone":18,"minecraft:redstone_block":7,"minecraft:gray_wool":11,"minecraft:pillager_spawn_egg":1,"minecraft:piglin_brute_spawn_egg":1,"minecraft:sheep_spawn_egg":7},"minecraft:picked_up":{"minecraft:rotten_flesh":1,"minecraft:barrier":1,"minecraft:repeater":1,"minecraft:gray_wool":1,"minecraft:poppy":1,"minecraft:redstone":2,"minecraft:mutton":3,"minecraft:white_wool":1},"minecraft:dropped":{"minecraft:barrier":1},"minecraft:killed":{"minecraft:sheep":2,"minecraft:pillager":1,"minecraft:zombified_piglin":1},"minecraft:custom":{"minecraft:time_since_rest":20004,"minecraft:damage_taken":69,"minecraft:play_one_minute":35385,"minecraft:crouch_one_cm":8973,"minecraft:deaths":1,"minecraft:sprint_one_cm":1169,"minecraft:walk_one_cm":37497,"minecraft:sneak_time":3549,"minecraft:walk_under_water_one_cm":1975,"minecraft:mob_kills":5,"minecraft:boat_one_cm":4108,"minecraft:drop":1,"minecraft:jump":118,"minecraft:damage_dealt":808,"minecraft:walk_on_water_one_cm":1214,"minecraft:time_since_death":19978,"minecraft:fall_one_cm":209,"minecraft:fly_one_cm":105414,"minecraft:player_kills":2}},"DataVersion":2586}