{"stats":{"minecraft:picked_up":{"minecraft:barrier":1,"minecraft:repeater":1,"minecraft:gray_wool":1,"minecraft:poppy":1,"minecraft:redstone":2,"minecraft:mutton":3,"minecraft:white_wool":1},"minecraft:used":{"minecraft:sticky_piston":3,"minecraft:lever":1,"minecraft:netherite_sword":3,"minecraft:end_rod":1,"minecraft:repeater":5,"minecraft:redstone":8,"minecraft:barrier":145,"minecraft:oak_boat":2,"minecraft:stone_pressure_plate":1,"minecraft:redstone_block":7,"minecraft:gray_wool":11,"minecraft:sheep_spawn_egg":7},"minecraft:dropped":{"minecraft:barrier":1},"minecraft:killed":{"minecraft:sheep":2},"minecraft:custom":{"minecraft:time_since_rest":8004,"minecraft:play_one_minute":23385,"minecraft:crouch_one_cm":8942,"minecraft:deaths":1,"minecraft:sprint_one_cm":668,"minecraft:walk_one_cm":25572,"minecraft:sneak_time":2996,"minecraft:mob_kills":3,"minecraft:boat_one_cm":4108,"minecraft:drop":1,"minecraft:jump":89,"minecraft:damage_dealt":367,"minecraft:time_since_death":7978,"minecraft:fall_one_cm":209,"minecraft:fly_one_cm":25693,"minecraft:player_kills":2}},"DataVersion":2586}