{"stats":{"minecraft:picked_up":{"minecraft:barrier":1,"minecraft:repeater":1,"minecraft:redstone":2,"minecraft:spider_eye":1,"minecraft:rotten_flesh":4,"minecraft:netherite_sword":2,"minecraft:gray_wool":1,"minecraft:poppy":1,"minecraft:mutton":3,"minecraft:white_wool":1},"minecraft:used":{"minecraft:sticky_piston":3,"minecraft:lever":1,"minecraft:netherite_sword":16,"minecraft:end_rod":1,"minecraft:redstone":8,"minecraft:barrier":145,"minecraft:chest":2,"minecraft:purple_glazed_terracotta":48,"minecraft:stone":18,"minecraft:zombie_spawn_egg":2,"minecraft:redstone_block":7,"minecraft:piglin_brute_spawn_egg":1,"minecraft:sheep_spawn_egg":7,"minecraft:green_terracotta":49,"minecraft:repeater":5,"minecraft:anvil":2,"minecraft:cave_spider_spawn_egg":1,"minecraft:oak_boat":2,"minecraft:stone_pressure_plate":1,"minecraft:shulker_spawn_egg":2,"minecraft:endermite_spawn_egg":1,"minecraft:gray_wool":11,"minecraft:pillager_spawn_egg":1},"minecraft:dropped":{"minecraft:netherite_sword":2,"minecraft:barrier":1},"minecraft:killed":{"minecraft:sheep":2,"minecraft:pillager":1,"minecraft:cave_spider":1,"minecraft:zombie":2,"minecraft:zombified_piglin":1},"minecraft:custom":{"minecraft:time_since_rest":32004,"minecraft:walk_one_cm":57469,"minecraft:sprint_one_cm":1169,"minecraft:damage_taken":69,"minecraft:interact_with_anvil":1,"minecraft:mob_kills":8,"minecraft:drop":3,"minecraft:damage_dealt":1328,"minecraft:fly_one_cm":152610,"minecraft:player_kills":2,"minecraft:open_chest":9,"minecraft:crouch_one_cm":8973,"minecraft:play_one_minute":47385,"minecraft:deaths":1,"minecraft:sneak_time":3840,"minecraft:walk_under_water_one_cm":1975,"minecraft:boat_one_cm":4108,"minecraft:jump":139,"minecraft:time_since_death":31978,"minecraft:walk_on_water_one_cm":1214,"minecraft:fall_one_cm":209}},"DataVersion":2586}