{"stats":{"minecraft:picked_up":{"minecraft:barrier":1,"minecraft:gray_wool":1,"minecraft:mutton":3,"minecraft:white_wool":1},"minecraft:used":{"minecraft:sticky_piston":3,"minecraft:lever":1,"minecraft:netherite_sword":2,"minecraft:end_rod":1,"minecraft:barrier":102,"minecraft:oak_boat":2,"minecraft:stone_pressure_plate":1,"minecraft:sheep_spawn_egg":7},"minecraft:dropped":{"minecraft:barrier":1},"minecraft:killed":{"minecraft:sheep":2},"minecraft:custom":{"minecraft:time_since_rest":11385,"minecraft:play_one_minute":11385,"minecraft:crouch_one_cm":2984,"minecraft:sprint_one_cm":312,"minecraft:walk_one_cm":11898,"minecraft:sneak_time":1030,"minecraft:mob_kills":3,"minecraft:boat_one_cm":2882,"minecraft:drop":1,"minecraft:jump":52,"minecraft:damage_dealt":236,"minecraft:time_since_death":11385,"minecraft:fall_one_cm":209,"minecraft:fly_one_cm":14226,"minecraft:player_kills":1}},"DataVersion":2586}